id,total_cost
tour_1,11472449.592004126
tour_100,4326456.598761626
tour_1001,6246269.556351094
tour_1006,1441500.460652778
tour_1009,19632001.80616003
tour_1010,1096402.5644642648
tour_1014,5311819.827222229
tour_1015,2265169.7686923235
tour_1019,601363.7778013481
tour_1020,6269017.1370467935
tour_1023,9061825.312183317
tour_1025,12702760.63329152
tour_1031,24060376.02176006
tour_1037,2531234.6095275218
tour_1044,2453940.8438351452
tour_1053,3028289.9595974004
tour_1056,2912933.3465534085
tour_106,6716671.371933888
tour_1064,3792487.627606196
tour_1069,8038209.29581935
tour_1077,694937.2887518001
tour_1084,1907964.3102224497
tour_1087,4458567.492339171
tour_1089,406779.225149842
tour_1091,914872.6574264766
tour_1093,6342088.609603521
tour_1094,1413508.7454638581
tour_110,528231.5324579007
tour_1100,1596136.1667761463
tour_1101,16333702.580877844
tour_1105,2621746.931004745
tour_1106,6194913.466689448
tour_111,939612.9485704208
tour_1112,9378316.60238908
tour_1113,6821355.196132231
tour_1114,945342.7486148981
tour_1117,972778.6532660979
tour_1119,3288222.5970156067
tour_1127,3445762.984562402
tour_1140,1500788.802430659
tour_1141,1230308.7855129857
tour_1143,3227631.5183894276
tour_1145,1410004.5274377747
tour_1148,1358311.4960446942
tour_1153,883065.338384259
tour_1156,2170343.654621758
tour_1157,1893794.2639233803
tour_1160,724985.4833953655
tour_1169,8073240.539075979
tour_1170,1908759.499073564
tour_1177,810107.964638826
tour_1180,4797807.746970849
tour_1185,5166029.220606928
tour_1187,887992.2491661418
tour_1189,9172894.698754963
tour_119,7681757.413503733
tour_1199,853071.834834798
tour_120,862015.8270964088
tour_1204,6957572.905417192
tour_1206,1983520.8351779426
tour_1218,920949.3229779106
tour_1223,2056508.3437111643
tour_1225,4878132.842458761
tour_1227,2996352.096899611
tour_1228,495939.45198135945
tour_1229,2734074.513509951
tour_1232,5945684.556814629
tour_1236,16684372.197846305
tour_1237,2236367.023365606
tour_124,3802927.877580568
tour_1240,1345097.369071431
tour_1243,537096.0766605486
tour_125,2151422.1626406135
tour_1250,12445923.358072825
tour_1251,9847860.914845195
tour_1255,3827754.594949506
tour_1257,2535788.9859171985
tour_1258,3992376.548164099
tour_1264,439456.8255714438
tour_1266,2622698.499459003
tour_1268,6889607.1408175
tour_1269,564602.6046565092
tour_127,1276318.750901373
tour_1270,896841.0474086107
tour_1272,524334.4919564697
tour_1277,2093642.7569701876
tour_1280,4023839.4270923464
tour_1283,11740489.003537003
tour_1284,4891097.222960888
tour_1285,3193736.852368171
tour_1288,1377379.5087805642
tour_1292,2930657.667276548
tour_1293,4439667.145343315
tour_1297,3485206.7979930993
tour_1299,4668480.52209178
tour_130,759699.2908867078
tour_1300,1890328.998356803
tour_1301,1041339.943459155
tour_1307,1611635.3246795489
tour_131,483317.2722833989
tour_1317,6327801.104357466
tour_1318,2209022.614166452
tour_1320,2818296.786087868
tour_1322,1679164.3786634766
tour_1323,2406112.331860799
tour_1341,243732.1413751504
tour_1346,2741736.290127329
tour_1348,1780863.0462592978
tour_1352,1952598.8731967115
tour_1354,6610264.827448417
tour_1355,3750505.492974337
tour_1365,610109.1283671979
tour_1366,8189929.161274152
tour_1374,3159210.2800821555
tour_1378,984891.6699448341
tour_1389,656493.2170228118
tour_1392,989458.3146494281
tour_1396,2054725.8769500519
tour_1398,4860136.479503834
tour_140,494155.15038130124
tour_1403,1350289.3105700205
tour_1407,11346320.994035723
tour_1416,827291.2521779437
tour_1421,3596453.9105574302
tour_1424,5774584.938151886
tour_1428,10971167.24871064
tour_1433,374359.366412327
tour_1434,2016126.463442515
tour_1435,737888.6588559916
tour_1437,894989.5687075662
tour_1438,1137495.2556613074
tour_1441,397567.28245939576
tour_1442,871873.7534002721
tour_1449,1335114.5037989023
tour_1450,8616588.914545722
tour_1451,295826.96041047777
tour_1459,7847770.326856027
tour_1463,363348.7841706551
tour_1468,1520449.5942618407
tour_1470,227615.44322198402
tour_1477,2731539.7540649385
tour_1479,25229372.19060798
tour_1484,1544690.951444571
tour_1488,24633857.10641965
tour_1497,5230592.854315683
tour_1499,3874272.8748664237
tour_15,5997833.708935082
tour_1502,2049049.0176137867
tour_1503,5611436.202654216
tour_1515,10190812.251442485
tour_1517,12462736.21096573
tour_1521,2480728.916347718
tour_1522,440840.9744660153
tour_1523,7194656.333456271
tour_1527,3748977.0429013507
tour_153,1180197.9841200737
tour_1532,8976347.985216025
tour_1535,1000165.5315295093
tour_1539,5478714.478375661
tour_154,7172024.504679673
tour_1540,2285914.5833636587
tour_1544,2772498.199331289
tour_1546,1041472.237877321
tour_1549,2022464.221329484
tour_1552,3532875.010723754
tour_1553,4517376.104870363
tour_1554,1469391.6729895363
tour_1557,2157321.9998804717
tour_1566,9247437.072778543
tour_1568,421664.4718382453
tour_1569,11689252.575964822
tour_158,777939.2870422784
tour_1583,2103477.900457492
tour_1584,10859171.151140846
tour_1588,2991447.7911857585
tour_159,18867511.819870267
tour_1594,1930256.807801501
tour_1595,6146308.865733751
tour_160,6482220.245399663
tour_1603,6964148.065672224
tour_1608,1638020.8537350004
tour_161,2268202.152109866
tour_1611,4731147.945146112
tour_1615,5083405.2646471895
tour_1622,2119523.4066189225
tour_1624,8109118.691324456
tour_1625,4470322.343794232
tour_1627,3445179.444163549
tour_1630,413126.92164293054
tour_1632,5272918.045424296
tour_1637,10368349.139883306
tour_164,2115003.0402015806
tour_1641,571003.6668429964
tour_1643,11050862.427908264
tour_1649,2427222.1614248706
tour_1650,16570657.989913685
tour_1651,9145085.321538698
tour_1654,1338375.8258992226
tour_1657,14534865.620884612
tour_1660,976813.5602983217
tour_1668,2897362.8079940947
tour_167,1843905.512504332
tour_1674,10805973.378924409
tour_1676,8242340.8736942345
tour_1680,4652819.580013168
tour_1682,9284808.40060592
tour_1689,801793.7729682887
tour_1695,6690563.124926888
tour_1696,1036071.7900329208
tour_1699,9029098.415609729
tour_1704,346142.7469573618
tour_171,2340252.29788193
tour_1711,388609.1255276699
tour_1717,7976921.044622145
tour_1718,2265057.481175657
tour_1734,17824122.62175109
tour_1743,12995410.139009032
tour_1744,17741598.641181894
tour_1745,6217930.338353059
tour_175,12111779.185015943
tour_1754,7844484.128317051
tour_1759,13871946.928397961
tour_1766,10344498.896823626
tour_177,8550633.450934079
tour_1770,26607197.45475204
tour_1772,2485951.1297759814
tour_1773,26306420.79414744
tour_1777,1871077.8197189346
tour_178,1291638.3333524577
tour_179,874369.5967904832
tour_1792,10681626.2263368
tour_1793,19899568.57265736
tour_1796,12436187.130773434
tour_1804,6004837.987336974
tour_1809,6513355.2031984925
tour_1815,1441284.6780606823
tour_1819,4691085.483286665
tour_1820,3487461.7189636487
tour_1826,10724863.69397496
tour_1827,18923503.831386812
tour_183,4438543.668947717
tour_1830,5249475.353905639
tour_1834,4634634.368864791
tour_1836,4517944.946931963
tour_1839,4808219.999618205
tour_1843,18816525.08297337
tour_1846,11169918.362903832
tour_1849,4209023.276703917
tour_1856,17931189.271217246
tour_1863,6810199.841575245
tour_1864,2965110.3216944924
tour_1865,3939346.9495952325
tour_1868,2251839.8826239286
tour_1874,1151835.7733153347
tour_1879,21934711.79381932
tour_188,1514625.508197484
tour_1888,684695.3339208055
tour_1889,22000529.61693841
tour_1892,11869841.215411238
tour_1894,5785772.480664439
tour_1901,2600861.0004726984
tour_1903,17902666.18718848
tour_191,28793495.275546014
tour_1910,641629.1080872621
tour_1912,9589027.29654537
tour_1924,10082638.074699739
tour_1928,14282287.296783825
tour_1932,11944340.91685745
tour_1939,4437939.349339516
tour_1948,8893909.730604528
tour_1951,17646310.958547536
tour_1952,8859133.826912383
tour_1954,9070432.323043523
tour_1955,18413675.876703307
tour_1957,5538606.53852189
tour_196,9568383.335361376
tour_1964,1274488.5890999516
tour_1966,5273988.149943348
tour_1976,11207044.88089859
tour_198,972576.3666808311
tour_1983,7347137.038845923
tour_1984,14156649.282180594
tour_1987,11199481.237262152
tour_1989,3433661.8005796904
tour_199,2273370.236342136
tour_1990,348905.2076257888
tour_1991,11691303.38593074
tour_1992,1639458.413945741
tour_1994,10867338.876215106
tour_1995,14785553.56813709
tour_1998,9771105.742245544
tour_200,5243117.281518905
tour_2007,4032307.5206242045
tour_201,713230.7607781356
tour_2010,6602981.281385439
tour_2011,14182229.51866399
tour_2012,1017754.3620378706
tour_2013,2015527.189481311
tour_2014,663433.6281962943
tour_2017,17884813.268584307
tour_2023,5251533.055153109
tour_2025,14283027.61663398
tour_2030,4042775.89570933
tour_2035,5466868.741877764
tour_2044,10137182.63929137
tour_2051,496038.52475012623
tour_2053,10986975.397339765
tour_2056,16800200.039669476
tour_2061,13810429.389954802
tour_2062,4583730.119441758
tour_2065,1595704.9162804605
tour_2066,4245175.983173672
tour_2074,6778564.162104233
tour_2075,7029866.443472765
tour_2086,7540170.333385335
tour_209,5659533.766068745
tour_2091,6646654.132719077
tour_2097,1615907.5494194953
tour_21,9796842.299686069
tour_2102,1032291.8026388889
tour_2108,2924866.9871288473
tour_2117,1555379.57187388
tour_2120,385813.598445224
tour_2126,5393927.1249341015
tour_2127,917881.5294073767
tour_2128,10579180.727539022
tour_2132,2604972.551819458
tour_2133,14526173.238899352
tour_2137,1853936.3074938885
tour_2141,7585510.177315115
tour_2142,13420969.538685348
tour_2147,712671.3014156406
tour_2148,7463383.564910707
tour_2150,475707.76003212866
tour_2165,572208.4321330516
tour_2167,17089466.222659472
tour_2171,1250316.4404784434
tour_2173,15844849.036069
tour_2174,6529014.083966461
tour_2181,7324711.178253069
tour_2189,343395.21467853565
tour_2192,1689860.563630121
tour_2193,466559.054419053
tour_2197,594793.491767438
tour_2198,3933080.6774206576
tour_220,13541989.165816786
tour_2208,12072576.82715335
tour_2214,16555587.504474849
tour_2215,4963477.528455311
tour_2219,1481070.4323580898
tour_222,853957.9366943742
tour_2224,2443144.585064243
tour_2225,1145677.567869967
tour_2226,16892295.41314118
tour_2227,1306127.9334930761
tour_2232,1985226.4827328064
tour_2235,1158642.9109104348
tour_2238,12752345.337060798
tour_224,1224718.9290134357
tour_2244,430531.0347363469
tour_2245,4452474.408864752
tour_2247,5430049.247545836
tour_2249,2295228.488935211
tour_2256,13864097.961564688
tour_2257,639309.9666143751
tour_2259,3416240.187449127
tour_226,751930.7477722117
tour_2262,8932724.863955539
tour_2264,2615218.4008299066
tour_2269,6062630.116387694
tour_227,6375877.2702751625
tour_2272,15331689.32610496
tour_2273,1194421.6272921537
tour_2275,502226.0878052137
tour_2279,10302255.020803446
tour_2287,1438817.899569371
tour_229,557729.6095467176
tour_2293,8181151.82438639
tour_2298,804782.679898274
tour_2300,2144366.3665755917
tour_2303,17726167.059779707
tour_2304,807492.0473409289
tour_2307,1858667.6637578213
tour_2309,3885919.0372543335
tour_2316,912357.3072620179
tour_2320,1000893.8835792557
tour_2322,8322529.195684081
tour_2323,4957704.184269783
tour_2332,1297642.2596089165
tour_2335,4176780.415473565
tour_234,3228846.9377461937
tour_2340,4497428.544977004
tour_2341,6661909.828350635
tour_2350,3383511.804424656
tour_2359,5694940.694742724
tour_236,7762852.79972161
tour_2363,9504527.008969454
tour_2365,14732133.263609776
tour_2366,8479799.2131211
tour_2369,5269227.930481877
tour_237,8647659.508168066
tour_2379,8640974.601358734
tour_239,11136769.772075312
tour_2390,2289125.9014567467
tour_2393,6789684.449630612
tour_2397,4478872.625354449
tour_2404,834226.939954684
tour_2406,385234.6730962516
tour_2413,3375684.799665001
tour_2415,534135.4044176509
tour_2418,423848.7017326619
tour_2427,1928201.077210022
tour_2430,587639.9301101797
tour_2431,9180720.862818206
tour_2432,3138237.590977176
tour_2437,3264514.700613088
tour_244,5692334.451879019
tour_2442,6464495.26797198
tour_2452,20890944.795290355
tour_2456,28949134.33428987
tour_2460,11105540.329093356
tour_2464,1099600.995242502
tour_2467,5000623.693344095
tour_2468,8732810.571409766
tour_247,15063239.812538927
tour_2472,5843317.804031732
tour_2473,2959121.134038924
tour_2474,2029683.1011205763
tour_2477,2928342.032123038
tour_248,8366154.9408636615
tour_2481,17310590.91601897
tour_2491,508956.0996329033
tour_2494,1724678.4808982937
tour_2496,5620933.254031596
tour_2497,4027721.7850847295
tour_2506,8105785.3788528135
tour_2508,10391358.328236869
tour_2509,547588.9364847052
tour_2512,5807403.474563318
tour_2513,6878087.824607654
tour_2514,5029470.809348964
tour_2520,19523827.83477039
tour_2522,3668371.8723282246
tour_2523,14103726.258387318
tour_2531,1080423.2385155126
tour_2539,5322517.118599131
tour_2541,5696253.286530021
tour_2546,3946058.4782898547
tour_2552,4459116.231674486
tour_2554,1661089.1856385858
tour_2555,297896.8692055005
tour_2556,414997.65461604396
tour_2561,362924.5993195306
tour_2568,435610.40812069795
tour_2571,1987316.5670099296
tour_2577,2132221.323302363
tour_2581,14536960.993757188
tour_2582,4543401.826369493
tour_2589,2112959.6039945045
tour_2591,1339816.3299780998
tour_2593,8514982.31667183
tour_2595,11921587.675673299
tour_2596,8690300.34576382
tour_2597,1481918.93699741
tour_2599,20408895.914726913
tour_26,1871362.895574214
tour_2603,671572.7867551054
tour_2604,7761266.460044514
tour_261,10119398.958776226
tour_2612,1326628.9366252718
tour_2614,10130293.729388477
tour_2616,2514280.1529894248
tour_2619,3831083.3745365385
tour_262,2784377.8496140065
tour_2624,10342533.713823821
tour_2626,534786.0507466188
tour_2628,2268447.52100556
tour_2640,4358219.8686561715
tour_2641,880301.158436594
tour_2642,1781845.125051821
tour_2645,3963085.7528224047
tour_2649,14994751.463988166
tour_2653,3818797.178772421
tour_2657,728772.6490030626
tour_266,294279.780383534
tour_2668,2842583.5019175997
tour_267,2362487.2509069024
tour_2676,1731524.3152080812
tour_268,7025573.68584146
tour_2681,1111725.6401515927
tour_2683,23442922.145500235
tour_2686,1371991.2442272624
tour_2688,4048113.168000621
tour_269,833991.1331270915
tour_2690,7217713.764013419
tour_2691,4112659.4604569897
tour_2692,4020208.1496598055
tour_2700,5486888.043844523
tour_2704,4417142.207715143
tour_2706,4843761.66124629
tour_2707,13206939.81462938
tour_2713,6258641.568210407
tour_272,10634044.412227793
tour_2720,1590414.6481107655
tour_2724,655683.6029655638
tour_2732,2031842.9621096775
tour_2738,2564677.6650332673
tour_2740,6388074.975619252
tour_2744,2883853.99625382
tour_2747,9523874.157110278
tour_2752,7198065.298880867
tour_2761,4608867.977886409
tour_2763,23046580.90182159
tour_2766,6461354.099993038
tour_2779,10560458.842645464
tour_278,3440236.6966723423
tour_2781,8356792.276364894
tour_2784,393295.1497035312
tour_2787,633789.1831446122
tour_279,2460511.72549775
tour_2790,1288332.691176507
tour_2796,4795548.261609938
tour_2797,8498940.99624911
tour_2799,4365745.720727502
tour_280,1421741.2396942212
tour_2803,2738201.7380744936
tour_2805,567019.8813917891
tour_2808,7655908.730771689
tour_2812,9236692.87515886
tour_282,575453.9956416752
tour_2821,613891.5669469413
tour_2822,25410526.917897157
tour_2823,1603688.9966971374
tour_2825,10392272.435021553
tour_2832,4340804.367926186
tour_284,758871.3598173864
tour_2843,6393226.352703213
tour_2848,706591.62507858
tour_2852,686251.6395961518
tour_2853,7915119.390884243
tour_2854,639445.5403574036
tour_2857,424599.5429632784
tour_2868,8612008.694414979
tour_2869,2444216.8750738953
tour_2873,2974813.8795353957
tour_2874,10510496.876328794
tour_2877,12653752.72841634
tour_2878,469339.2325521817
tour_2879,7780853.647289374
tour_288,5755235.756623678
tour_2893,4752938.356505463
tour_2897,4838032.415324357
tour_2898,1438563.416990176
tour_29,1545470.1182594805
tour_2901,1916836.4629004323
tour_2907,1333538.1436786929
tour_2914,14879513.404734276
tour_2923,902220.6751922901
tour_2925,12876672.476239558
tour_2926,2542127.440113469
tour_2927,10629977.822588364
tour_2928,15701709.778681315
tour_2931,932302.0168130088
tour_2934,3512818.156913502
tour_2941,1346430.6849321877
tour_2947,1919313.2377813174
tour_2948,2488355.4330233852
tour_2951,1853659.9792916798
tour_2953,9204157.898646379
tour_2955,3419697.0401833686
tour_2956,6954180.52726131
tour_2964,1055264.3354412327
tour_2967,3086558.0066387877
tour_2983,708522.7146242898
tour_2986,6234810.754812374
tour_2989,595919.7336620393
tour_2995,1090299.9077635081
tour_3,980457.5187294132
tour_300,13832799.243470421
tour_3020,6870293.972424084
tour_3021,3126490.458558042
tour_3025,9857105.572578361
tour_3029,415460.1282337615
tour_3030,3459933.5889360453
tour_3034,7948717.86303531
tour_3045,5882275.834425937
tour_3058,4881688.207749086
tour_3065,484856.3669296388
tour_308,18888991.8818612
tour_3083,1011049.8645029913
tour_3085,6784384.784386311
tour_3094,378989.7569996626
tour_3096,1960686.722391035
tour_3097,4096903.8253714857
tour_3098,6042024.840492095
tour_3099,622991.6114376804
tour_310,4425326.548340447
tour_3101,1036071.2536301941
tour_3106,11341167.485435378
tour_311,721842.4154020945
tour_3110,10498883.17769763
tour_312,7657653.305603214
tour_3122,484477.8429431224
tour_3123,362924.5993195306
tour_3125,1107231.4530353935
tour_3128,3618802.945719421
tour_313,1824590.5580572363
tour_3133,12868635.644316375
tour_3134,6471771.614198812
tour_3136,7334285.927609203
tour_3139,6068402.0681975875
tour_3141,601235.2487932405
tour_3145,11977858.87430579
tour_3147,3159693.3836255735
tour_315,356052.1574561705
tour_3165,12290857.167252393
tour_3168,591883.8866847357
tour_3179,6460369.707342317
tour_3191,9441035.939308014
tour_3195,2797786.5097089424
tour_320,983904.1051648934
tour_3208,8107633.947957773
tour_3209,10006904.755459553
tour_3210,13540626.589888554
tour_3212,13067852.299144728
tour_3217,7050946.318034304
tour_3218,9861494.829212874
tour_323,1198245.507307277
tour_3233,475148.27316033025
tour_3235,8690394.179074222
tour_3237,2236820.081993726
tour_3244,407409.92095479736
tour_3247,12835924.98403557
tour_3249,8516339.591761934
tour_3252,5361857.502133634
tour_3254,1999022.6311641736
tour_3257,7624176.751404247
tour_3259,517822.9972204135
tour_3261,683387.1530446905
tour_3267,6672040.575672883
tour_3269,271979.0856888483
tour_3271,12201549.544655181
tour_3273,608977.3130082106
tour_3283,4651856.532043484
tour_329,1462525.9538979337
tour_33,12101790.96308035
tour_3303,8006773.115482033
tour_3304,456039.5212561146
tour_3306,3770474.6897872696
tour_3310,11389886.470753014
tour_3312,5601736.897634307
tour_3316,10107468.118557328
tour_3319,4857318.3445734605
tour_3322,14589279.931319388
tour_3326,4532351.980515831
tour_3327,5553752.237204072
tour_333,1791207.7718733419
tour_3332,7236794.79128644
tour_3334,17033108.09111203
tour_3335,12790402.661140515
tour_3339,1150534.7443009596
tour_334,1199428.1142942929
tour_3342,5841215.546224805
tour_3345,5453106.100460912
tour_3346,6358807.050425629
tour_3350,2009426.3152646234
tour_3353,5190491.249650868
tour_3358,381531.1546710544
tour_336,1420942.6744084265
tour_3361,1087570.6945243916
tour_3365,5074894.803250006
tour_337,2135621.6780027864
tour_3372,215579.08819696264
tour_3384,469941.7885286601
tour_3389,9474437.808789907
tour_3392,26169225.458282847
tour_3404,18926885.97955052
tour_341,19330917.654129904
tour_3414,342197.86572334217
tour_3421,11231546.670688622
tour_3423,9722422.750595592
tour_3425,8461040.61336412
tour_3426,470117.9767351385
tour_343,631884.5855318619
tour_3441,419882.97127798817
tour_3444,9474909.29928774
tour_345,844837.8805090169
tour_3451,1979071.9782000622
tour_3455,8386849.919803353
tour_3459,411539.03880210384
tour_346,13218401.72248373
tour_3462,8096349.260962012
tour_3465,617419.0545523689
tour_3473,8880271.788485542
tour_3476,280923.160380312
tour_3479,12788335.460037563
tour_348,9211860.344898112
tour_3480,21436991.11946551
tour_3485,1510220.735190622
tour_3494,14404826.914408972
tour_3497,6927447.052179413
tour_35,384806.34015901794
tour_3504,10114916.907934958
tour_3513,4463631.965159287
tour_3516,563034.8066832284
tour_3523,7037556.776288558
tour_3525,7943237.756997791
tour_3526,420764.3570964531
tour_353,9851785.552951543
tour_3530,13245839.676715046
tour_3533,740593.0025746091
tour_3535,2212495.8312551454
tour_3540,363953.39837730816
tour_3548,8458374.14074414
tour_356,956404.2419162566
tour_3561,10891499.9129995
tour_3562,11359943.285005625
tour_3567,990708.6178728702
tour_3571,6493860.501386948
tour_3572,11283766.490959024
tour_3579,8971915.780738188
tour_3589,6302158.229366806
tour_3593,2112806.669615153
tour_3598,5497942.892464875
tour_36,263554.63892170857
tour_3600,7876886.1979244035
tour_3603,10725068.386472901
tour_3605,6531686.99667879
tour_3609,8493026.67993013
tour_361,11363599.822036253
tour_3610,5773454.19822972
tour_3613,2524430.79371066
tour_3615,6283697.340823271
tour_3618,7185213.121662042
tour_3620,13689652.6896739
tour_3622,5164879.453418051
tour_3623,17086479.37280188
tour_3626,19130198.365764797
tour_3637,2836795.552533089
tour_364,1404094.1059812612
tour_3644,5256514.2221278185
tour_3645,6568313.169211381
tour_3650,2052071.1992829277
tour_3654,8782696.491084216
tour_3657,437758.7949340253
tour_3659,367192.49515655683
tour_3662,548810.2034324113
tour_3665,467903.42302383727
tour_3668,230670.22879008608
tour_367,4636350.711084861
tour_3674,1450821.1609152944
tour_3679,6579860.321381439
tour_3680,7592836.385224752
tour_3684,3317339.6278497875
tour_3690,12992921.393591097
tour_3691,2366574.2046709093
tour_3692,8818411.038690638
tour_3693,3181031.17922728
tour_3704,653227.7111174687
tour_3709,1989303.7319785303
tour_3711,9976743.44827471
tour_3715,1869954.4831528415
tour_3716,9405861.559908425
tour_3722,591852.1724995973
tour_3723,293650.8327709098
tour_3726,7756392.258707822
tour_3727,685255.2235709599
tour_373,667583.6633515367
tour_3732,1941642.8963836993
tour_3739,9151248.569244467
tour_374,1092432.566157564
tour_3742,10845499.44550006
tour_3750,8148494.757229583
tour_3751,7307660.148104099
tour_3758,682465.5832166518
tour_3759,2383970.370414868
tour_3761,15789656.086075805
tour_3768,322564.69589882897
tour_3771,621696.3001000716
tour_3773,709150.4781471592
tour_3774,338609.5194543975
tour_3776,1942002.4218405944
tour_3779,3047756.3376270114
tour_378,1781470.1276713752
tour_3787,8465719.6474058
tour_379,4452522.6629482405
tour_3795,6511196.966141609
tour_3798,11149042.236463107
tour_3802,469012.0071777692
tour_3827,17895833.292878717
tour_3828,19095490.81028091
tour_3830,14628198.641907591
tour_3832,15392615.978214782
tour_3833,13544586.153523821
tour_3834,7103952.435009224
tour_384,2084997.1392525206
tour_3841,1428503.4776731369
tour_3845,377321.1147628622
tour_385,8343510.665780747
tour_3855,5123259.485759733
tour_3856,538887.4362980593
tour_3857,274728.609671026
tour_386,2127949.1469423245
tour_3864,258456.88959182845
tour_3866,1127796.0830090141
tour_3869,2300189.2007575333
tour_387,1047593.5884751333
tour_3870,9826034.672076551
tour_3872,368706.7373715106
tour_3873,7765262.761988309
tour_3877,3591847.9023204413
tour_3879,423094.8698220473
tour_389,2020901.1944806967
tour_3896,987262.7492625191
tour_390,4823149.057775819
tour_3902,3249984.931512941
tour_3908,13235410.291328356
tour_3912,9697086.060514363
tour_3915,1013431.1643968844
tour_3916,7067587.952533461
tour_3917,1604364.505188354
tour_3928,7627066.496574095
tour_3930,14628198.641907591
tour_3934,1198576.6720556996
tour_3935,5338236.084275923
tour_3936,5835568.914353236
tour_3938,10055987.565398032
tour_3939,112158.03437856639
tour_3940,9313458.952349119
tour_3942,2259737.5898473654
tour_3945,2183396.719989949
tour_3954,663780.2051833818
tour_3966,1205890.8037489941
tour_3970,12128977.415951867
tour_3989,16381409.432118263
tour_3990,7272304.98681059
tour_3993,10756590.023670632
tour_3995,6782976.147597943
tour_3996,8199908.540171214
tour_3999,11571261.374406036
tour_4000,296354.82707816997
tour_4010,7878051.188370052
tour_4015,4952853.803974871
tour_4016,8732781.982803222
tour_4019,10419817.993523372
tour_402,1685012.882206556
tour_4020,659376.676357837
tour_4032,9327651.986670962
tour_4033,6320623.727421563
tour_4034,1208287.5433470265
tour_4035,9327651.986670962
tour_4037,9327651.986670962
tour_404,452660.8459818739
tour_4042,2486334.120230472
tour_4048,9568349.475009583
tour_405,9967442.468918227
tour_4050,2478296.978074944
tour_4051,786958.5709196129
tour_406,1626978.9741512325
tour_4061,460169.5784307173
tour_4069,7634575.384244599
tour_4070,1093237.9814824322
tour_4073,3124455.4820328336
tour_4081,10473043.674246933
tour_4082,1803184.6209054352
tour_4088,4212255.359521632
tour_4089,1693368.535812074
tour_41,495925.1575477948
tour_4102,7844025.9052205
tour_4103,14857248.700597133
tour_4104,7561847.069738296
tour_4109,8003368.904057022
tour_411,4222902.372114906
tour_4111,6990637.077514074
tour_4116,473512.8457420573
tour_4126,8445299.362586832
tour_4132,3933883.2354588
tour_4136,7181135.997963789
tour_4138,7610690.985732959
tour_4139,392114.17105741135
tour_414,379844.9925616543
tour_4141,9655181.337847026
tour_4143,3637530.0996464253
tour_4144,7273897.460103813
tour_4145,3171371.233705439
tour_4146,329372.71290961397
tour_4151,1144746.596597862
tour_4152,344437.34282355546
tour_4162,1291993.2182614724
tour_4163,11101164.04173285
tour_4166,6812809.520386826
tour_4173,1399726.0697229516
tour_4174,8662601.903395453
tour_4175,5565004.76755057
tour_4177,981885.7163631996
tour_4178,8846526.759744782
tour_418,845275.5685021215
tour_4182,1803184.6209054352
tour_4184,1095366.4459895438
tour_4185,1100325.0835180092
tour_4188,6846502.15821053
tour_419,10096694.178998947
tour_4192,7964737.969651888
tour_4194,22963995.95827063
tour_4196,6594688.012566273
tour_4199,10128235.907885276
tour_42,864886.4464374519
tour_4204,841855.6281556367
tour_4211,11160146.168728042
tour_4212,8049060.249224258
tour_4217,8870444.68033071
tour_4219,12606067.04066672
tour_4226,397515.1548319411
tour_4228,8994733.756152099
tour_4229,909677.7008620217
tour_423,2766237.6161113246
tour_4234,596686.2704607531
tour_4235,351304.77191539895
tour_424,1024896.1823187014
tour_4247,5628785.022780071
tour_4250,420899.14539892157
tour_4253,7532673.815944237
tour_4260,7217347.312147399
tour_4268,430094.79656736465
tour_4280,2389915.0617265864
tour_4284,5684288.632662269
tour_4289,8400596.169778438
tour_4293,5239897.663537098
tour_4294,1521665.5065795763
tour_4296,1082832.4256847077
tour_4298,2772149.5713900737
tour_43,2471276.7050426
tour_4302,6251423.451946074
tour_4317,8694412.33578223
tour_4321,7859124.222444732
tour_4327,8743262.88593935
tour_4328,10027279.66418676
tour_4330,8277046.89187462
tour_434,2703379.692832016
tour_4340,1258712.9763061388
tour_4347,1428047.8319780282
tour_435,8112416.835764849
tour_4350,370393.8491457271
tour_4354,541117.783023911
tour_4358,2208525.0496752337
tour_4363,6375925.9114755485
tour_4365,4818709.042789855
tour_4372,1579531.7665088421
tour_4374,2264652.042030588
tour_438,1459926.8364097495
tour_4381,716813.9120066041
tour_4384,1200402.2138844451
tour_4386,7450175.915513788
tour_4394,6078070.944642097
tour_4396,4031046.718879854
tour_4402,13948291.434694331
tour_4411,496911.0635340709
tour_4417,10180036.745545497
tour_442,654920.0893963509
tour_4420,9379031.318628823
tour_4421,207644.72655427796
tour_4425,8324590.651297318
tour_4435,669901.6212369795
tour_4443,6455403.820903664
tour_4444,526360.8537500526
tour_4445,10158669.181781951
tour_4448,8277046.89187462
tour_4449,21160790.914650027
tour_4451,309896.7002952686
tour_4463,466969.8181666614
tour_4464,4557071.0265774075
tour_4467,15286679.890255312
tour_4470,2042888.5086952767
tour_4474,4777614.47466237
tour_4475,5431374.635783935
tour_4479,1289530.7182916973
tour_4487,899927.8131520618
tour_4491,1338402.068715771
tour_4492,652839.6538040796
tour_4496,505910.2519783371
tour_4497,5688545.20297362
tour_4499,6778582.014286005
tour_4501,341986.57774794905
tour_4507,23861515.23956093
tour_4508,7598174.995779093
tour_4509,450848.65400033246
tour_451,749270.5922100564
tour_4514,656121.5559644788
tour_4520,9341080.508075688
tour_4521,2987137.777260341
tour_4529,524429.9473171022
tour_4533,8371445.690543072
tour_4543,2011412.6092481005
tour_4549,27737460.994123496
tour_4562,10773535.17374461
tour_4569,19392281.571449295
tour_4571,6239563.939533275
tour_4575,27175472.192820303
tour_4578,3623067.5559278075
tour_4581,1519099.4049758583
tour_459,7311732.654727334
tour_460,3489813.5298069287
tour_4602,8196116.011613778
tour_4603,9160971.710971948
tour_4618,12899869.459901432
tour_4620,19282959.54966236
tour_4621,18507780.519455075
tour_4625,1655897.6632842186
tour_463,409059.1441874677
tour_4641,18926885.97955052
tour_4659,612010.4210413863
tour_4666,2607908.9101897106
tour_467,1258946.199765415
tour_4675,7397468.622760772
tour_4679,7479649.419805939
tour_4681,3105148.579623542
tour_4682,4407716.8673135545
tour_4691,2411394.1753419014
tour_4698,535371.6493077762
tour_470,10385822.47369551
tour_4702,5038159.846176982
tour_4704,11946593.286706176
tour_4707,1090978.64174306
tour_4712,1353108.4237552064
tour_4721,2062681.492475218
tour_4722,8074721.695042682
tour_4723,7311633.434054935
tour_473,1963011.7520475916
tour_4730,2857573.075751888
tour_4739,3369341.85348876
tour_4742,3384149.974634716
tour_4743,3460257.1085828175
tour_4756,4015971.829943232
tour_476,1462069.8201992502
tour_4769,10816054.33047535
tour_477,1504743.0481080972
tour_4782,9136835.476939045
tour_4784,466075.2944795121
tour_4787,7635829.008344175
tour_4807,2630976.025259756
tour_4811,18099012.21386079
tour_4812,6038034.136668905
tour_4816,7820672.395870369
tour_482,3308102.972860088
tour_4820,2324352.1109985337
tour_4822,6527056.238424082
tour_4824,15017914.938067354
tour_4826,3222866.383912857
tour_4827,280658.4792460499
tour_4829,602240.9932186301
tour_4831,377313.9529743577
tour_4832,4245519.073662296
tour_4837,1134261.3087130957
tour_4844,2150354.0812416715
tour_4846,3176148.224912889
tour_4848,832161.4449660034
tour_4851,5452882.738006469
tour_4854,8888225.517073106
tour_4869,10703589.461832087
tour_4873,5438634.874703142
tour_4876,8425499.9225076
tour_4878,1188074.711542613
tour_488,1090942.4563777773
tour_489,9430033.926208628
tour_4892,769510.5206717935
tour_4896,345498.65882541786
tour_49,511655.60859858245
tour_4903,898337.1945069832
tour_4905,9951099.938616894
tour_4909,1446381.5836229068
tour_4918,10588275.16643023
tour_4926,15601712.808449741
tour_493,8928726.108626265
tour_4931,4018212.4987858157
tour_4935,9480709.265527017
tour_4938,1622588.3197737788
tour_4939,10272121.892742999
tour_4940,13404497.217961581
tour_4945,5899584.8979650615
tour_4948,13892173.983200524
tour_4954,1717096.409900588
tour_4956,12095619.66842613
tour_4960,1523786.3510535236
tour_4961,1396152.565584327
tour_4962,3246055.0738527537
tour_4971,589698.1955929832
tour_4975,9756336.957931519
tour_4978,3873084.3176413886
tour_4980,3838637.7509274166
tour_4981,369903.64965400443
tour_4988,3604490.374848229
tour_499,809970.5859224168
tour_4995,7609968.6014257055
tour_4998,7622625.594305504
tour_5004,740593.0025746091
tour_5008,5243881.627771467
tour_5009,15985561.248183146
tour_5012,5723239.371982525
tour_5015,4314461.420806909
tour_5016,2693114.8530588425
tour_502,418486.4731222485
tour_5024,6232742.323857229
tour_5033,1554566.6306146707
tour_5038,1999275.7994240872
tour_5039,4381621.813274409
tour_5041,6139243.435862833
tour_5042,10670713.573457217
tour_5046,4285295.714826568
tour_5050,1168551.2510803603
tour_5059,10084640.472595526
tour_5060,5401856.838729499
tour_5062,15294720.872359194
tour_5066,451689.6111197898
tour_5075,538400.7001767942
tour_5081,6713257.193671554
tour_5090,10371454.369801436
tour_5094,9477333.472942278
tour_5096,408436.98943525477
tour_5099,10531815.725802746
tour_5103,2106199.356301549
tour_5104,6704661.168480107
tour_5111,8915332.154258559
tour_5113,6891744.894093463
tour_5127,3550825.27952237
tour_5129,8207049.631761917
tour_5138,13330941.513337335
tour_514,522502.43279030116
tour_5140,642726.9925553788
tour_5143,251649.99865415564
tour_515,1977552.0669081192
tour_5154,7802677.967231704
tour_5155,1731506.5926970334
tour_5160,5820737.1713610785
tour_5162,3697280.799417604
tour_5168,10171847.2175178
tour_517,1153487.2153414835
tour_5174,2547629.184988494
tour_5178,978614.4444153971
tour_5179,482784.4099307434
tour_5180,390408.05187633284
tour_5183,488673.3386902311
tour_5186,452727.75628587836
tour_5188,1289855.6500143893
tour_5189,7674923.191660018
tour_5193,13866345.005820928
tour_5194,13091109.58365935
tour_5196,8356816.111622414
tour_5199,382499.8011247932
tour_5203,710824.6342288052
tour_5204,607753.3634110393
tour_521,989778.1609059926
tour_5212,10882631.736748707
tour_5213,8136756.874059354
tour_5215,905520.8708046601
tour_5216,11494509.780686859
tour_5217,13485338.048498033
tour_5219,5729867.516381083
tour_5222,7124557.59930964
tour_5226,2097632.3919501686
tour_5235,9327960.200246794
tour_5240,770797.979055169
tour_5242,400008.5612303528
tour_525,707278.7754972994
tour_5254,4425472.255276589
tour_5256,6149612.356940983
tour_5262,9864390.178106602
tour_5266,10447639.09409788
tour_5267,9109946.811330136
tour_5271,12161946.637601173
tour_5278,15784176.700090358
tour_5282,16024947.449835476
tour_5284,374728.66042051825
tour_5287,11376089.124021266
tour_5292,242677.90999002187
tour_5295,144162.8616620154
tour_5298,7439442.378657736
tour_5302,4024922.711242943
tour_5303,18521017.78253784
tour_5308,1437776.6841801405
tour_5309,14824036.741660437
tour_531,1178024.5872799694
tour_532,722379.7819358278
tour_5325,5988642.09646572
tour_5334,13684483.70318273
tour_5337,673189.0371609912
tour_5341,13204005.015159762
tour_5342,2792063.3437189213
tour_5343,448298.7598096078
tour_5349,294279.780383534
tour_5350,4074738.2680551806
tour_5354,13728576.10000293
tour_5355,7190564.856994595
tour_536,8502397.087795189
tour_5360,6691005.934029292
tour_5362,325616.9292975182
tour_5367,7162271.245126239
tour_5369,9755377.194483802
tour_5379,469769.76331290335
tour_538,14166953.740022354
tour_5380,20618574.20266084
tour_5386,5615746.3885304015
tour_5389,7814318.360327608
tour_539,10971207.692162279
tour_5393,8405996.35177462
tour_5397,3797652.1399159096
tour_54,1418928.5103496131
tour_5403,426736.99613277224
tour_5405,526552.6205788809
tour_5406,7472769.753885584
tour_5407,9116461.416441357
tour_5409,526158.0689645273
tour_5410,18523122.416622195
tour_5420,3904036.804990647
tour_5423,3687402.4662337946
tour_543,1668763.168856286
tour_5431,5392955.290349139
tour_5432,14188054.341403859
tour_5438,1191515.19443892
tour_5444,7750678.821282995
tour_5450,3367115.073532499
tour_5452,1010042.4203261737
tour_5461,6406423.538249203
tour_5465,444603.14242206153
tour_5470,367318.81654748507
tour_5477,6459958.097111769
tour_5479,6734464.639217126
tour_5481,6096441.371727227
tour_5483,8307975.794145547
tour_5486,389437.76331127173
tour_549,442033.627495908
tour_5490,8960147.652010454
tour_5491,4898646.3937180145
tour_5492,425103.176437493
tour_5495,2006768.8581614285
tour_5499,16835812.964350227
tour_550,802082.5784274677
tour_5506,344335.59516709816
tour_5508,25490788.694884315
tour_5509,11156758.059675956
tour_5512,6803884.71835599
tour_5519,525292.5196253934
tour_5521,141822.05033223142
tour_5524,227756.93016408334
tour_5525,366041.75740353327
tour_5527,643946.3227947055
tour_5529,346206.25884618703
tour_553,1898066.7928514895
tour_5531,536590.2214646245
tour_5546,2396687.626091598
tour_5549,1703188.877945298
tour_5552,11993286.625628343
tour_5553,15065441.95523063
tour_5555,11912124.401509512
tour_556,7273301.337289517
tour_5566,10823373.475409908
tour_5567,12078748.819576401
tour_5569,1113185.484095811
tour_557,1937409.6451065096
tour_5586,5912477.107478032
tour_5588,3956306.541402473
tour_559,1105361.4580893535
tour_5590,3572454.2753520645
tour_5600,14434057.78692205
tour_5601,843209.9649743882
tour_5603,463599.37234658416
tour_5609,189808.31737970305
tour_561,13721344.942221373
tour_5610,244740.6738019774
tour_5613,530052.5374131951
tour_5617,634995.7839602286
tour_5618,361853.85125582287
tour_5619,641911.9225337614
tour_562,11780016.329632927
tour_5625,456534.8051890247
tour_5628,1181236.1636240578
tour_5629,2968634.779275956
tour_5635,335238.9804562455
tour_5639,1427836.7870731289
tour_5644,338196.8903181855
tour_5647,531742.7425989588
tour_5660,7051235.334664933
tour_5661,2172456.6723920302
tour_567,565428.9845398782
tour_5671,515644.8547595538
tour_5675,435407.1527633143
tour_5676,10059832.9139892
tour_5677,9961123.974504448
tour_5680,2579672.5681862296
tour_5690,593984.0608550248
tour_5692,429682.90059035365
tour_5698,439785.23229453067
tour_570,3072579.9177802564
tour_5700,25106482.314603135
tour_5702,3903356.1632657093
tour_5704,6013618.799818924
tour_5708,2623640.312986283
tour_5709,8909568.688544566
tour_5711,8168737.984704382
tour_5715,426111.3614700481
tour_5720,17998326.00027332
tour_5725,4207909.678479268
tour_573,1855266.9766406277
tour_5733,7772300.473064268
tour_5737,3824449.8809535834
tour_5740,16477929.24525477
tour_5747,245190.17145525705
tour_5748,7153424.542860725
tour_5749,4273478.283761276
tour_5750,3277714.4583991333
tour_5751,1860832.886345782
tour_5764,2821420.7372244033
tour_5768,8542837.338808216
tour_5770,11872850.84344659
tour_5773,315335.4296386744
tour_5775,15822783.172818402
tour_5778,12165573.8131865
tour_5779,1854885.172077042
tour_5781,15809286.136361927
tour_5782,7728373.277855002
tour_5783,589439.4190105505
tour_5787,6855367.056747315
tour_5796,1537544.3081579953
tour_5804,11988856.821678247
tour_5808,3171049.5929406364
tour_5810,4580515.276274961
tour_5811,3780949.5379955233
tour_5814,1001011.9852341342
tour_5815,5218418.9051496275
tour_582,1055246.9685686294
tour_5823,2474887.4917736156
tour_5824,9532400.354535358
tour_5827,3213013.308717544
tour_5829,2276880.7327863616
tour_5835,4646418.736528235
tour_5840,15745156.514783021
tour_5845,4923320.713182156
tour_5847,18560900.007054828
tour_5851,391309.9904708701
tour_5854,605466.1850369807
tour_5856,9627467.491835374
tour_5862,602497.0174698196
tour_5868,978712.9830977429
tour_5879,5805818.485321759
tour_5884,8578756.635619843
tour_5888,8276173.237411828
tour_5893,7474245.764252077
tour_5895,1161735.2379795068
tour_5902,762829.7186051988
tour_5906,18655619.129140593
tour_5909,7769153.794941016
tour_5910,1994415.2745394344
tour_5919,1643944.2700320364
tour_5923,297856.65429403796
tour_5928,3879375.2289110366
tour_5936,12126022.135265797
tour_5937,4488932.3695141245
tour_5938,3899484.9785793354
tour_5943,1160815.8770591153
tour_5946,6893999.32756638
tour_5947,5367792.66568288
tour_595,8395988.623672077
tour_5951,4522477.038478693
tour_5955,2738154.7375880675
tour_5957,2613421.156012536
tour_5960,511238.32570936345
tour_5965,9820853.888822248
tour_5967,651117.7116271172
tour_597,4624045.003337885
tour_5974,4436172.817717302
tour_598,2062682.885516744
tour_5980,19815058.957722537
tour_5997,1184168.6381345089
tour_60,2923141.6669589286
tour_600,3593209.1204377483
tour_6000,647342.419473554
tour_6002,398135.6638203232
tour_6013,3136000.8982439833
tour_602,8505397.733203262
tour_6023,13267110.103887893
tour_6024,1680319.864633115
tour_6026,9939640.500454003
tour_6029,13000820.97949716
tour_603,8556804.642976308
tour_6035,3778849.7924759695
tour_604,547017.0183946178
tour_6044,383624.1671034317
tour_6047,741498.2200276622
tour_605,1002637.2305174074
tour_6054,13898710.141532792
tour_6057,5915868.7592338
tour_606,5989970.915569131
tour_6064,2766443.4289227994
tour_6070,1577923.583445573
tour_6075,7181993.871829161
tour_6076,13832974.906484548
tour_6078,5901393.558096338
tour_6081,6681088.05324161
tour_6083,6629599.799567093
tour_609,1634257.721550684
tour_6100,18220438.56608694
tour_6106,11562655.305792043
tour_6113,8959130.464873267
tour_6118,303923.1058170813
tour_6123,906143.482106255
tour_6126,560435.8038890796
tour_6127,283472.11098525394
tour_6128,520442.74875801173
tour_6129,331213.4179264072
tour_6131,263225.4917117811
tour_6144,484068.3328392831
tour_6146,1262036.6561705638
tour_6151,1333538.332679942
tour_6157,227680.05931506547
tour_6160,884448.3128715206
tour_6161,331687.8234532091
tour_6170,121083.53065527606
tour_6172,423848.7017326619
tour_6174,263225.4917117811
tour_6191,539552.3381160198
tour_6195,228357.7471675714
tour_6199,519564.6942197839
tour_62,4038571.6261403793
tour_620,2041890.2985523127
tour_6202,387982.5675205
tour_6204,493562.52854787215
tour_6209,198102.90174408213
tour_6213,661471.8888453776
tour_6215,510570.93575248885
tour_6218,495986.3370326117
tour_6228,884448.3128715206
tour_6237,139315.927735679
tour_6241,796603.7012464314
tour_6244,290852.4591175845
tour_625,841834.4164799831
tour_6252,421035.778701
tour_6261,151836.19598058407
tour_6262,211194.41540818952
tour_6263,267729.33505014103
tour_6266,368295.7441537492
tour_6267,514298.5886938245
tour_6272,785237.6600442074
tour_6273,1783695.5894893797
tour_6280,473933.87543153716
tour_6281,845255.8587854886
tour_6282,537313.5714215088
tour_6284,688707.0051325021
tour_6290,493495.4525028105
tour_6291,792619.1189343476
tour_6293,392343.6911149794
tour_6296,263835.4343783393
tour_6302,2400345.4630271103
tour_6307,929636.9728556239
tour_6309,554513.3413122988
tour_6310,585395.3248042556
tour_6322,530052.5374131951
tour_6328,526382.2226611366
tour_6329,456199.716651979
tour_6331,445929.4354833469
tour_6338,290416.88742999
tour_634,363277.2982360485
tour_6340,256590.913813117
tour_6342,459781.6228227846
tour_6343,449944.11353372823
tour_6347,322706.46249434503
tour_6349,917032.810227301
tour_6350,415874.7802701855
tour_6351,701221.9410612573
tour_6353,391096.35099225276
tour_6358,869810.5088363752
tour_6362,631000.7947462706
tour_6363,509425.45436063723
tour_6365,306956.3593068616
tour_6366,496540.58293045836
tour_6371,148503.1604437438
tour_6379,361777.9167502027
tour_6383,367678.864638746
tour_6391,449616.8619093217
tour_6404,997227.8304989353
tour_6413,529048.0392468887
tour_6415,375229.4286924906
tour_6416,477394.250233673
tour_6417,834932.6060072512
tour_6421,770607.2810209241
tour_6425,387562.0067076296
tour_6427,729013.3587731018
tour_6434,308867.3857851406
tour_6437,503969.9077378435
tour_6442,528868.849082671
tour_6446,904848.3108535332
tour_6451,610507.2557468903
tour_6457,822847.3793650469
tour_6463,511839.2792278674
tour_6464,601990.7498019707
tour_6467,231283.7918249973
tour_6472,489936.69425050163
tour_6473,1303980.1017049437
tour_6474,521049.5796009919
tour_648,1232430.9298747384
tour_653,1208755.3014141815
tour_659,7175882.341243546
tour_66,2383917.4614624633
tour_660,5388085.866030504
tour_661,4132554.6668086355
tour_663,756711.6672734951
tour_665,771089.6237462716
tour_667,1595176.7841281574
tour_67,10767439.728484062
tour_674,604458.6809458925
tour_677,865331.5629896169
tour_682,2742497.3053382454
tour_683,1695874.8069461707
tour_685,1685341.3775330172
tour_690,4956723.201778897
tour_7,1361813.7935125679
tour_700,847330.683602069
tour_701,29302554.01108898
tour_704,1657221.0242082889
tour_705,465996.2373795413
tour_707,4644182.914066777
tour_711,14989563.002131414
tour_714,1390964.4231527834
tour_718,3236854.900578342
tour_726,4937964.458910785
tour_729,24263400.85485564
tour_733,20255600.10478503
tour_734,1120992.6497693358
tour_735,1260536.874100358
tour_742,1138232.0087321275
tour_747,2922422.3038237984
tour_750,1469514.7289917185
tour_753,1814859.5092694368
tour_757,2659371.650284789
tour_759,968473.8951876041
tour_764,552815.1716652185
tour_765,1237188.8353196678
tour_771,3634963.85669636
tour_772,4815771.5693273125
tour_776,8153783.276303561
tour_780,15653080.613920802
tour_787,3767771.596065616
tour_791,2163699.612289718
tour_794,1416520.4975990143
tour_798,24415514.33834612
tour_805,395784.4916900169
tour_816,825226.925988455
tour_817,1770926.1894647963
tour_819,7780862.173188283
tour_830,3085403.8315783814
tour_831,3825876.363664855
tour_836,9937092.260341948
tour_837,1467977.0636135957
tour_843,2489723.46728163
tour_844,7560215.324536804
tour_850,1306857.4513745466
tour_861,628780.0113092304
tour_863,3134693.433075562
tour_870,1056960.6072027953
tour_874,731591.5045814875
tour_878,3384694.834684823
tour_879,785028.6900418927
tour_88,6067435.552581472
tour_881,935842.3621946704
tour_882,1948026.445171136
tour_888,2689546.441673285
tour_890,785730.1714594422
tour_891,749931.9486456361
tour_892,5167209.023680366
tour_894,1135768.7072355195
tour_897,6421714.325568169
tour_901,4294205.224798521
tour_903,720599.5773196215
tour_905,866025.0477507208
tour_906,4572170.746769188
tour_915,1998178.6186631294
tour_918,21312893.99943458
tour_921,648454.4888081519
tour_923,10375751.705681138
tour_925,2045920.6265851047
tour_931,6677095.088876491
tour_937,4258598.305862697
tour_938,2116444.2712378493
tour_941,5857297.527845689
tour_942,11601999.02044585
tour_947,1808096.4420367698
tour_95,7148355.847675219
tour_950,759006.2371898553
tour_958,2324637.9924371224
tour_959,6043973.400827074
tour_96,1192255.5777474467
tour_963,2004822.6385433602
tour_964,3834472.082204872
tour_965,478372.1121364738
tour_968,2688551.328977907
tour_971,6468182.728179009
tour_972,2041335.8079129832
tour_977,752986.8613278578
tour_988,467974.60802242876
tour_990,17634381.02836399
tour_992,966777.5004278964
tour_996,536602.7835754929
tour_998,5853879.795198011
